Name,Address,City,State,Zip,ID
A.R. Morris,3848 Kennett Pike,Greenville,Delaware,19807,A.R.MORRIS3848KENNETTPIKEGREENVILLEDELAWARE19807
Adler's,722 Canal Street,New Orleans,Louisiana,70130,ADLER'S722CANALSTREETNEWORLEANSLOUISIANA70130
Alexander's Jewelers,3701 Mall Drive,Texarkan,Texas,75501,ALEXANDER'SJEWELERS3701MALLDRIVETEXARKANTEXAS75501
Alson Jewelers,28149 Chagrin Boulevard,Cleveland,Ohio,44122,ALSONJEWELERS28149CHAGRINBOULEVARDCLEVELANDOHIO44122
Alter's Gem Jewelry,3155 Dowlen Road,Beaumont,Texas,77706,ALTER'SGEMJEWELRY3155DOWLENROADBEAUMONTTEXAS77706
Alvin Goldfarb Jeweler,305 Bellevue Way NE,Bellevue,Washington,98004,ALVINGOLDFARBJEWELER305BELLEVUEWAYNEBELLEVUEWASHINGTON98004
Anton's Fine Jewelry,10675 Coursey Boulevard,Baton Rouge,Louisiana,70816,ANTON'SFINEJEWELRY10675COURSEYBOULEVARDBATONROUGELOUISIANA70816
Aucoin-Hart Jewelers,1525 Metairie Road,Metairie,Louisiana,70005,AUCOIN-HARTJEWELERS1525METAIRIEROADMETAIRIELOUISIANA70005
B.C. Clark,101 Park Avenue,Oklahoma City,Oklahoma,73102,B.C.CLARK101PARKAVENUEOKLAHOMACITYOKLAHOMA73102
B.C. Clark,5801 NW Grand Boulevard,Oklahoma City,Oklahoma,73118,B.C.CLARK5801NWGRANDBOULEVARDOKLAHOMACITYOKLAHOMA73118
Bachendorf's,5175 Monahans AvenueThe Shops at Clearfork,Fort Worth,Texas,76109,BACHENDORF'S5175MONAHANSAVENUETHESHOPSATCLEARFORKFORTWORTHTEXAS76109
Bachendorf's,"13350 Dallas ParkwayGalleria Dallas, #1315",Dallas,Texas,75240,BACHENDORF'S13350DALLASPARKWAYGALLERIADALLAS#1315DALLASTEXAS75240
Ben Bridge Jeweler,"8505 Park Meadows Center DrivePark Meadows Center, Suite 2076",Lone Tree,Colorado,80124,BENBRIDGEJEWELER8505PARKMEADOWSCENTERDRIVEPARKMEADOWSCENTERSUITE2076LONETREECOLORADO80124
Ben Bridge Jeweler,"3000 184th Street SWAlderwood Mall, Suite 320",Lynnwood,Washington,98037,BENBRIDGEJEWELER3000184THSTREETSWALDERWOODMALLSUITE320LYNNWOODWASHINGTON98037
Ben Bridge Jeweler,9518 SW Washington Square RoadWashington Square,Portland,Oregon,97223,BENBRIDGEJEWELER9518SWWASHINGTONSQUAREROADWASHINGTONSQUAREPORTLANDOREGON97223
Ben Bridge Jeweler,801 SW 5th Avenue5th Ave & Yamhill,Portland,Oregon,97204,BENBRIDGEJEWELER801SW5THAVENUE5THAVE&YAMHILLPORTLANDOREGON97204
Ben Bridge Jeweler,"4505 La Jolla Village DriveWestfield UTC, Suite #C-19",San Diego,California,92122,BENBRIDGEJEWELER4505LAJOLLAVILLAGEDRIVEWESTFIELDUTCSUITE#C-19SANDIEGOCALIFORNIA92122
Ben Bridge Jeweler,1530 5th Avenue,Seattle,Washington,98101,BENBRIDGEJEWELER15305THAVENUESEATTLEWASHINGTON98101
Ben Bridge Jeweler,450 West Hillcrest DriveThe Oaks Shopping Center,Thousand Oaks,California,91360,BENBRIDGEJEWELER450WESTHILLCRESTDRIVETHEOAKSSHOPPINGCENTERTHOUSANDOAKSCALIFORNIA91360
Ben Bridge Jeweler,"2905 East Skyline DriveLa Encantada Shopping Center, Space #149",Tucson,Arizona,85718,BENBRIDGEJEWELER2905EASTSKYLINEDRIVELAENCANTADASHOPPINGCENTERSPACE#149TUCSONARIZONA85718
Ben Bridge Jeweler,"81 Westfield Southcenter,  Southcenter Mall",Tukwila,Washington,98188,BENBRIDGEJEWELER81WESTFIELDSOUTHCENTERSOUTHCENTERMALLTUKWILAWASHINGTON98188
Ben Bridge Jeweler,3104 Seward HighwaySuite 3,Anchorage,Alaska,99503,BENBRIDGEJEWELER3104SEWARDHIGHWAYSUITE3ANCHORAGEALASKA99503
Ben Bridge Jeweler,"11601 Century Oaks TerraceThe Domain at Austin, Suite #133",Austin,Texas,78758,BENBRIDGEJEWELER11601CENTURYOAKSTERRACETHEDOMAINATAUSTINSUITE#133AUSTINTEXAS78758
Ben Bridge Jeweler,143 Bellevue Square,Bellevue,Washington,98004,BENBRIDGEJEWELER143BELLEVUESQUAREBELLEVUEWASHINGTON98004
Ben Bridge Jeweler,"21540 Hawthorne BoulevardDel Amo Fashion Center, #417B",Torrance,California,90503,BENBRIDGEJEWELER21540HAWTHORNEBOULEVARDDELAMOFASHIONCENTER#417BTORRANCECALIFORNIA90503
Ben Bridge Jeweler,"6600 Topanga Canyon BoulevardWestfield Topanga, Suite 98A",Canoga Park,California,91303,BENBRIDGEJEWELER6600TOPANGACANYONBOULEVARDWESTFIELDTOPANGASUITE98ACANOGAPARKCALIFORNIA91303
Ben Bridge Jeweler,305 Los Cerritos Center,Cerritos,California,90703,BENBRIDGEJEWELER305LOSCERRITOSCENTERCERRITOSCALIFORNIA90703
Benari Jewelers,3606 West Chester Pike,Newtown Square,Pennsylvania,19073,BENARIJEWELERS3606WESTCHESTERPIKENEWTOWNSQUAREPENNSYLVANIA19073
Benari Jewelers,299 Main Street,Exton,Pennsylvania,19341,BENARIJEWELERS299MAINSTREETEXTONPENNSYLVANIA19341
Betteridge Jewelers,141 East Meadow Drive,Vail,Colorado,81657,BETTERIDGEJEWELERS141EASTMEADOWDRIVEVAILCOLORADO81657
Betteridge Jewelers,239 Greenwich Avenue,Greenwich,Connecticut,06830,BETTERIDGEJEWELERS239GREENWICHAVENUEGREENWICHCONNECTICUT06830
Bhindi Jewelers,"2213 Galleria WayGlendale Galleria, Suite # L-001",Glendale,California,91210,BHINDIJEWELERS2213GALLERIAWAYGLENDALEGALLERIASUITE#L-001GLENDALECALIFORNIA91210
Bhindi Jewelers,18508 Pioneer Boulevard,Artesia,California,90701,BHINDIJEWELERS18508PIONEERBOULEVARDARTESIACALIFORNIA90701
Bigham Jewelers,"2425 Tamiami Trail North, Suite 101",Naples,Florida,34103,BIGHAMJEWELERS2425TAMIAMITRAILNORTHSUITE101NAPLESFLORIDA34103
Blakeman's Fine Jewelry,3202 Pinnacle Hills Parkway,Rogers,Arkansas,72758,BLAKEMAN'SFINEJEWELRY3202PINNACLEHILLSPARKWAYROGERSARKANSAS72758
Bob Richards Jewelers,1696 South Germantown Road,Germantown,Tennessee,38138,BOBRICHARDSJEWELERS1696SOUTHGERMANTOWNROADGERMANTOWNTENNESSEE38138
Brinker's Jewelers,111 South Green River Road,Evansville,Indiana,47715,BRINKER'SJEWELERS111SOUTHGREENRIVERROADEVANSVILLEINDIANA47715
Bromberg & Company,2800 Cahaba Road,Mountain Brook,Alabama,35223,BROMBERG&COMPANY2800CAHABAROADMOUNTAINBROOKALABAMA35223
Bromberg & Company,131 Summit Boulevard,Birmingham,Alabama,35243,BROMBERG&COMPANY131SUMMITBOULEVARDBIRMINGHAMALABAMA35243
Brown & Company Jewelers,674 Holcomb Bridge Road,Roswell,Georgia,30076,BROWN&COMPANYJEWELERS674HOLCOMBBRIDGEROADROSWELLGEORGIA30076
Brown & Company,3003 Bolling WaySuite G132,Atlanta,Georgia,30305,BROWN&COMPANY3003BOLLINGWAYSUITEG132ATLANTAGEORGIA30305
Bucherer 1888 Time Dome,"3500 Las Vegas Blvd SouthThe Forum Shops,  Suite #E18A",Las Vegas,Nevada,89109,BUCHERER1888TIMEDOME3500LASVEGASBLVDSOUTHTHEFORUMSHOPSSUITE#E18ALASVEGASNEVADA89109
Bucherer 1888 Time Machine,12 East 57th Street,New York,New York,10022,BUCHERER1888TIMEMACHINE12EAST57THSTREETNEWYORKNEWYORK10022
Bucherer 1888,510 Madison Avenue,New York,New York,10022,BUCHERER1888510MADISONAVENUENEWYORKNEWYORK10022
Bucherer 1888,1095 6th AvenueAvenue of the Americas at Bryant Park,New York,New York,10036,BUCHERER188810956THAVENUEAVENUEOFTHEAMERICASATBRYANTPARKNEWYORKNEWYORK10036
Bucherer 1888,"9700 Collins AvenueBal Harbour Shops, Suite 210",Bal Harbour,Florida,33154,BUCHERER18889700COLLINSAVENUEBALHARBOURSHOPSSUITE210BALHARBOURFLORIDA33154
Bucherer 1888,160 North Gulph RoadPlaza at King of Prussia,King of Prussia,Pennsylvania,19406,BUCHERER1888160NORTHGULPHROADPLAZAATKINGOFPRUSSIAKINGOFPRUSSIAPENNSYLVANIA19406
C.D. Peacock,172 Oakbrook Center,Oak Brook,Illinois,60523,C.D.PEACOCK172OAKBROOKCENTEROAKBROOKILLINOIS60523
C.D. Peacock,E-140 Woodfield Mall,Schaumburg,Illinois,60173,C.D.PEACOCKE-140WOODFIELDMALLSCHAUMBURGILLINOIS60173
Christopher's Fine Jewelry,11412 Ocean Highway,Pawleys Island,South Carolina,29585,CHRISTOPHER'SFINEJEWELRY11412OCEANHIGHWAYPAWLEYSISLANDSOUTHCAROLINA29585
Clarkes Jewelers,4847 Line Avenue,Shreveport,Louisiana,71106,CLARKESJEWELERS4847LINEAVENUESHREVEPORTLOUISIANA71106
Clarkson Jewelers,1306 Clarkson Clayton Center,Ellisville,Missouri,63011,CLARKSONJEWELERS1306CLARKSONCLAYTONCENTERELLISVILLEMISSOURI63011
Coffin & Trout Jewelers,"7131 West Ray RoadCasa Paloma Plaza, Suite 18",Chandler,Arizona,85226,COFFIN&TROUTJEWELERS7131WESTRAYROADCASAPALOMAPLAZASUITE18CHANDLERARIZONA85226
Cristiani's Jewelers,203 West Wall,Midland,Texas,79701,CRISTIANI'SJEWELERS203WESTWALLMIDLANDTEXAS79701
Date & Time,5 Concord Road,Sudbury,Massachusetts,01776,DATE&TIME5CONCORDROADSUDBURYMASSACHUSETTS01776
David Fairclough Fine Jewelers,7141 West Central Avenue,Toledo,Ohio,43617,DAVIDFAIRCLOUGHFINEJEWELERS7141WESTCENTRALAVENUETOLEDOOHIO43617
David Gardner's,911 University Drive East,College Station,Texas,77840,DAVIDGARDNER'S911UNIVERSITYDRIVEEASTCOLLEGESTATIONTEXAS77840
Davidson & Licht,1329 North Main Street,Walnut Creek,California,94596,DAVIDSON&LICHT1329NORTHMAINSTREETWALNUTCREEKCALIFORNIA94596
Davis Jewelers,9901 Forest Green Boulevard,Louisville,Kentucky,40223,DAVISJEWELERS9901FORESTGREENBOULEVARDLOUISVILLEKENTUCKY40223
De Vons Jewelers,13981 South Virginia Street #402A,Reno,Nevada,89511,DEVONSJEWELERS13981SOUTHVIRGINIASTREET#402ARENONEVADA89511
De Vons Jewelers,"1151 Galleria BlvdWestfield Galleria at Roseville, Suite #1080",Roseville,California,95678,DEVONSJEWELERS1151GALLERIABLVDWESTFIELDGALLERIAATROSEVILLESUITE#1080ROSEVILLECALIFORNIA95678
De Vons Jewelers,"220 Lincoln Center,  Lincoln Center",Stockton,California,95207,DEVONSJEWELERS220LINCOLNCENTERLINCOLNCENTERSTOCKTONCALIFORNIA95207
Deutsch & Deutsch,6007 NE Zac Lentz Parkway,Victoria,Texas,77904,DEUTSCH&DEUTSCH6007NEZACLENTZPARKWAYVICTORIATEXAS77904
Deutsch & Deutsch,"8889 Gateway Boulevard West, Suite 1840",El Paso,Texas,79925,DEUTSCH&DEUTSCH8889GATEWAYBOULEVARDWESTSUITE1840ELPASOTEXAS79925
Deutsch Jewelers Houston,3747 Westheimer Road,Houston,Texas,77027,DEUTSCHJEWELERSHOUSTON3747WESTHEIMERROADHOUSTONTEXAS77027
Deutsch of Laredo,"5300 San Dario AvenueMall Del Norte - Center Court, Suite 122",Laredo,Texas,78041,DEUTSCHOFLAREDO5300SANDARIOAVENUEMALLDELNORTE-CENTERCOURTSUITE122LAREDOTEXAS78041
Deutsch of McAllen,2109 South 10th StreetSuite 20,Mc Allen,Texas,78503,DEUTSCHOFMCALLEN2109SOUTH10THSTREETSUITE20MCALLENTEXAS78503
Diamond Cellar,6280 Sawmill Road,Dublin,Ohio,43017,DIAMONDCELLAR6280SAWMILLROADDUBLINOHIO43017
Diamond Cellar,1523 East 15th Street,Tulsa,Oklahoma,74120,DIAMONDCELLAR1523EAST15THSTREETTULSAOKLAHOMA74120
Diamond Cellar,3805 Green Hills Village Drive,Nashville,Tennessee,37215,DIAMONDCELLAR3805GREENHILLSVILLAGEDRIVENASHVILLETENNESSEE37215
Diamond Cellar,3960 New Bond Street,Columbus,Ohio,43219,DIAMONDCELLAR3960NEWBONDSTREETCOLUMBUSOHIO43219
Drenon Jewelry Company,3727 South Bolger Road,Independence,Missouri,64055,DRENONJEWELRYCOMPANY3727SOUTHBOLGERROADINDEPENDENCEMISSOURI64055
Eiseman Jewels,"8687 North Central ExpresswayNorthPark Center, Suite #514",Dallas,Texas,75225,EISEMANJEWELS8687NORTHCENTRALEXPRESSWAYNORTHPARKCENTERSUITE#514DALLASTEXAS75225
Exclusively Diamonds,1601 Adams Street,Mankato,Minnesota,56001,EXCLUSIVELYDIAMONDS1601ADAMSSTREETMANKATOMINNESOTA56001
Fakier Jewelers,7947 Main Street,Houma,Louisiana,70360,FAKIERJEWELERS7947MAINSTREETHOUMALOUISIANA70360
Fink's Jewelers,1612 Laskin RoadSuite 776,Virginia Beach,Virginia,23451,FINK'SJEWELERS1612LASKINROADSUITE776VIRGINIABEACHVIRGINIA23451
Fink's Jewelers,4321 Lassiter at North HillsSuite 120,Raleigh,North Carolina,27609,FINK'SJEWELERS4321LASSITERATNORTHHILLSSUITE120RALEIGHNORTHCAROLINA27609
Fink's Jewelers,"11800 West Broad StreetShort Pump Town Center, Suite #1240",Richmond,Virginia,23233,FINK'SJEWELERS11800WESTBROADSTREETSHORTPUMPTOWNCENTERSUITE#1240RICHMONDVIRGINIA23233
Fink's Jewelers,3545 Electric Roadat Colonial Avenue,Roanoke,Virginia,24018,FINK'SJEWELERS3545ELECTRICROADATCOLONIALAVENUEROANOKEVIRGINIA24018
Fink's Jewelers,"6910 Fayetteville RoadThe Streets at Southpoint, Suite #160",Durham,North Carolina,27713,FINK'SJEWELERS6910FAYETTEVILLEROADTHESTREETSATSOUTHPOINTSUITE#160DURHAMNORTHCAROLINA27713
Fink's Jewelers,16745 Birkdale Commons ParkwayUnit 2,Huntersville,North Carolina,28078,FINK'SJEWELERS16745BIRKDALECOMMONSPARKWAYUNIT2HUNTERSVILLENORTHCAROLINA28078
Fink's Jewelers,"4400 Sharon RoadSouthPark Mall, Suite 199",Charlotte,North Carolina,28211,FINK'SJEWELERS4400SHARONROADSOUTHPARKMALLSUITE199CHARLOTTENORTHCAROLINA28211
Fink's Jewelers,1950 Gunbarrel Road,Chattanooga,Tennessee,37421,FINK'SJEWELERS1950GUNBARRELROADCHATTANOOGATENNESSEE37421
Flora Gems,101 North Water Street,Decatur,Illinois,62523,FLORAGEMS101NORTHWATERSTREETDECATURILLINOIS62523
Floyd & Green,515 Silver Bluff Road,Aiken,South Carolina,29803,FLOYD&GREEN515SILVERBLUFFROADAIKENSOUTHCAROLINA29803
Fourtan,Ocean Avenue at Lincoln Street,Carmel By The Sea,California,93921,FOURTANOCEANAVENUEATLINCOLNSTREETCARMELBYTHESEACALIFORNIA93921
Frank Adams Jewelers,1475 Western AvenueStuyvesant Plaza,Albany,New York,12203,FRANKADAMSJEWELERS1475WESTERNAVENUESTUYVESANTPLAZAALBANYNEWYORK12203
Fredric H. Rubel Jewelers,246 Forest Avenue,Laguna Beach,California,92651,FREDRICH.RUBELJEWELERS246FORESTAVENUELAGUNABEACHCALIFORNIA92651
Gearys Beverly Hills,"351 North Beverly Drive, Dept. A",Beverly Hills,California,90210,GEARYSBEVERLYHILLS351NORTHBEVERLYDRIVEDEPT.ABEVERLYHILLSCALIFORNIA90210
Gerald Peters,"2655 Richmond Avenue, Suite 2095, Staten Island MallSuite 2095",Staten Island,New York,10314,GERALDPETERS2655RICHMONDAVENUESUITE2095STATENISLANDMALLSUITE2095STATENISLANDNEWYORK10314
Goldsmith Gallery Jewelers,903 Shiloh Crossing Blvd.,Billings,Montana,59102,GOLDSMITHGALLERYJEWELERS903SHILOHCROSSINGBLVD.BILLINGSMONTANA59102
Govberg Jewelers,1529 Walnut Street,Philadelphia,Pennsylvania,19102,GOVBERGJEWELERS1529WALNUTSTREETPHILADELPHIAPENNSYLVANIA19102
Gruno's Diamonds,801 North Perryville Road,Rockford,Illinois,61107,GRUNO'SDIAMONDS801NORTHPERRYVILLEROADROCKFORDILLINOIS61107
Gruno's Diamonds,7311 West Towne Way,Madison,Wisconsin,53719,GRUNO'SDIAMONDS7311WESTTOWNEWAYMADISONWISCONSIN53719
Gunderson's Jewelers,5601 28th Avenue South,Fargo,North Dakota,58104,GUNDERSON'SJEWELERS560128THAVENUESOUTHFARGONORTHDAKOTA58104
Gunderson's Jewelers,"17255 Davenport StreetVillage Pointe, Suite 111",Omaha,Nebraska,68118,GUNDERSON'SJEWELERS17255DAVENPORTSTREETVILLAGEPOINTESUITE111OMAHANEBRASKA68118
H. L. Gross & Bro.,840 Franklin Avenue,Garden City,New York,11530,H.L.GROSS&BRO.840FRANKLINAVENUEGARDENCITYNEWYORK11530
Hal Davis Jewelers,921 West Jefferson Street,Boise,Idaho,83702,HALDAVISJEWELERS921WESTJEFFERSONSTREETBOISEIDAHO83702
Hale's Jewelers,761 Verdae Boulevard,Greenville,South Carolina,29607,HALE'SJEWELERS761VERDAEBOULEVARDGREENVILLESOUTHCAROLINA29607
Haltom's Jewelers,317 Main Street,Fort Worth,Texas,76102,HALTOM'SJEWELERS317MAINSTREETFORTWORTHTEXAS76102
Haltom's Jewelers,6102 Camp Bowie Boulevard,Fort Worth,Texas,76116,HALTOM'SJEWELERS6102CAMPBOWIEBOULEVARDFORTWORTHTEXAS76116
Hamilton Jewelers,92 Nassau Street,Princeton,New Jersey,08542,HAMILTONJEWELERS92NASSAUSTREETPRINCETONNEWJERSEY08542
Hamilton Jewelers,3101 PGA Boulevard,Palm Beach Gardens,Florida,33410,HAMILTONJEWELERS3101PGABOULEVARDPALMBEACHGARDENSFLORIDA33410
Hamra Jewelers,15435 North Scottsdale RoadSuite 130,Scottsdale,Arizona,85254,HAMRAJEWELERS15435NORTHSCOTTSDALEROADSUITE130SCOTTSDALEARIZONA85254
Hartgers Jewelers,699 Wyckoff Avenue,Wyckoff,New Jersey,07481,HARTGERSJEWELERS699WYCKOFFAVENUEWYCKOFFNEWJERSEY07481
Heller Jewelers,"6000 Bollinger Canyon RoadCity Center Bishop Ranch, Suite 1506",San Ramon,California,94583,HELLERJEWELERS6000BOLLINGERCANYONROADCITYCENTERBISHOPRANCHSUITE1506SANRAMONCALIFORNIA94583
Henne Jewelers,5501 Walnut Street,Pittsburgh,Pennsylvania,15232,HENNEJEWELERS5501WALNUTSTREETPITTSBURGHPENNSYLVANIA15232
Hing Wa Lee Jewelers,1635 South Del Mar Avenue,San Gabriel,California,91776,HINGWALEEJEWELERS1635SOUTHDELMARAVENUESANGABRIELCALIFORNIA91776
Hing Wa Lee Jewelers,1569 South Fairway Drive Suite #128,Walnut,California,91789,HINGWALEEJEWELERS1569SOUTHFAIRWAYDRIVESUITE#128WALNUTCALIFORNIA91789
Hyde Park Jewelers,"3000 East 1st AvenueCherry Creek Shopping Center, Suite 243",Denver,Colorado,80206,HYDEPARKJEWELERS3000EAST1STAVENUECHERRYCREEKSHOPPINGCENTERSUITE243DENVERCOLORADO80206
Hyde Park Jewelers,817 Newport Center DriveFashion Island,Newport Beach,California,92660,HYDEPARKJEWELERS817NEWPORTCENTERDRIVEFASHIONISLANDNEWPORTBEACHCALIFORNIA92660
Hyde Park Jewelers,"7014 East Camelback RoadScottsdale Fashion Square, Suite #1092",Scottsdale,Arizona,85251,HYDEPARKJEWELERS7014EASTCAMELBACKROADSCOTTSDALEFASHIONSQUARESUITE#1092SCOTTSDALEARIZONA85251
J.M. Edwards Fine Jewelry,1137 Kildaire Farm Road,Cary,North Carolina,27511,J.M.EDWARDSFINEJEWELRY1137KILDAIREFARMROADCARYNORTHCAROLINA27511
J.R. Dunn Jewelers,4210 North Federal Highway,Lighthouse Point,Florida,33064,J.R.DUNNJEWELERS4210NORTHFEDERALHIGHWAYLIGHTHOUSEPOINTFLORIDA33064
Jack Lewis Jewelers,1704 Eastland Drive,Bloomington,Illinois,61704,JACKLEWISJEWELERS1704EASTLANDDRIVEBLOOMINGTONILLINOIS61704
James & Sons,110 South Washington Street,Naperville,Illinois,60540,JAMES&SONS110SOUTHWASHINGTONSTREETNAPERVILLEILLINOIS60540
James & Sons,14205 South LaGrange Road,Orland Park,Illinois,60462,JAMES&SONS14205SOUTHLAGRANGEROADORLANDPARKILLINOIS60462
James & Williams,7020 Cermak Road,Berwyn,Illinois,60402,JAMES&WILLIAMS7020CERMAKROADBERWYNILLINOIS60402
James Free Jewelers,3100 Far Hills Avenue,Dayton,Ohio,45429,JAMESFREEJEWELERS3100FARHILLSAVENUEDAYTONOHIO45429
Jewelers Trade Shop,26 Palafox Place,Pensacola,Florida,32502,JEWELERSTRADESHOP26PALAFOXPLACEPENSACOLAFLORIDA32502
Josephs Jewelers,5425 Mills Civic Parkway,West Des Moines,Iowa,50266,JOSEPHSJEWELERS5425MILLSCIVICPARKWAYWESTDESMOINESIOWA50266
Kelley Jewelers,"107 West Main Street, P.O. Box 689",Weatherford,Oklahoma,73096,KELLEYJEWELERS107WESTMAINSTREETP.O.BOX689WEATHERFORDOKLAHOMA73096
Kempf Jewelers,336 Fifth Avenue,Indialantic,Florida,32903,KEMPFJEWELERS336FIFTHAVENUEINDIALANTICFLORIDA32903
Kerns Fine Jewelry,214 Lorton Avenue,Burlingame,California,94010,KERNSFINEJEWELRY214LORTONAVENUEBURLINGAMECALIFORNIA94010
Kiefer Jewelers,24144 State Road 54,Lutz,Florida,33559,KIEFERJEWELERS24144STATEROAD54LUTZFLORIDA33559
Kimball's Jewelers,6464 Kingston Pike,Knoxville,Tennessee,37919,KIMBALL'SJEWELERS6464KINGSTONPIKEKNOXVILLETENNESSEE37919
Kirk Jewelers,"701 South Miami AveBrickell City Centre, Suite 327-A",Miami,Florida,33131,KIRKJEWELERS701SOUTHMIAMIAVEBRICKELLCITYCENTRESUITE327-AMIAMIFLORIDA33131
Korman Fine Jewelry,5011 Burnet RoadSuite 100,Austin,Texas,78756,KORMANFINEJEWELRY5011BURNETROADSUITE100AUSTINTEXAS78756
Kranich's Jewelers,515 East Plank Road,Altoona,Pennsylvania,16602,KRANICH'SJEWELERS515EASTPLANKROADALTOONAPENNSYLVANIA16602
Kravit Jewelers,3151 Long Beach Road,Oceanside,New York,11572,KRAVITJEWELERS3151LONGBEACHROADOCEANSIDENEWYORK11572
Lee Michaels Fine Jewelry,4235 Ambassador Caffery Parkway,Lafayette,Louisiana,70508,LEEMICHAELSFINEJEWELRY4235AMBASSADORCAFFERYPARKWAYLAFAYETTELOUISIANA70508
Lee Michaels Fine Jewelry,3020 North Causeway Boulevard,Metairie,Louisiana,70002,LEEMICHAELSFINEJEWELRY3020NORTHCAUSEWAYBOULEVARDMETAIRIELOUISIANA70002
Lee Michaels Fine Jewelry,940 Highland Colony Parkway,Ridgeland,Mississippi,39157,LEEMICHAELSFINEJEWELRY940HIGHLANDCOLONYPARKWAYRIDGELANDMISSISSIPPI39157
Lee Michaels Fine Jewelry,"2201 Q Street NEABQ Uptown, Suite 9F",Albuquerque,New Mexico,87110,LEEMICHAELSFINEJEWELRY2201QSTREETNEABQUPTOWNSUITE9FALBUQUERQUENEWMEXICO87110
Lee Michaels Fine Jewelry,7560 Corporate Boulevard,Baton Rouge,Louisiana,70809,LEEMICHAELSFINEJEWELRY7560CORPORATEBOULEVARDBATONROUGELOUISIANA70809
Lee Michaels Fine Jewelry,"15900 La Cantera PkwyThe Shops at La Cantera, Suite #3370",San Antonio,Texas,78256,LEEMICHAELSFINEJEWELRY15900LACANTERAPKWYTHESHOPSATLACANTERASUITE#3370SANANTONIOTEXAS78256
Lee Michaels Fine Jewelry,255 East Basse RoadSuite 900,San Antonio,Texas,78209,LEEMICHAELSFINEJEWELRY255EASTBASSEROADSUITE900SANANTONIOTEXAS78209
Lee Perla Jewelers,193B Riverside SquareThe Shops at Riverside,Hackensack,New Jersey,07601,LEEPERLAJEWELERS193BRIVERSIDESQUARETHESHOPSATRIVERSIDEHACKENSACKNEWJERSEY07601
Leeds & Son Jewelers,73-670 El Paseo,Palm Desert,California,92260,LEEDS&SONJEWELERS73-670ELPASEOPALMDESERTCALIFORNIA92260
Lenkersdorfer,8053 Tysons Corner Center,Mc Lean,Virginia,22102,LENKERSDORFER8053TYSONSCORNERCENTERMCLEANVIRGINIA22102
Lenox Jewelers,2500 Black Rock Turnpike,Fairfield,Connecticut,06825,LENOXJEWELERS2500BLACKROCKTURNPIKEFAIRFIELDCONNECTICUT06825
Leonardo Jewelers,"665 Middlesex Avenue, #125",Metuchen,New Jersey,08840,LEONARDOJEWELERS665MIDDLESEXAVENUE#125METUCHENNEWJERSEY08840
Leonardo Jewelers,35 East Front Street,Red Bank,New Jersey,07701,LEONARDOJEWELERS35EASTFRONTSTREETREDBANKNEWJERSEY07701
Liljenquist & Beckstead,"8075 Leesburg Pike, Shops at Fairfax Sq Salon 140",Vienna,Virginia,22182,LILJENQUIST&BECKSTEAD8075LEESBURGPIKESHOPSATFAIRFAXSQSALON140VIENNAVIRGINIA22182
Liljenquist & Beckstead,"2001 International DriveGalleria at Tysons II, Suite 1798M",Mc Lean,Virginia,22102,LILJENQUIST&BECKSTEAD2001INTERNATIONALDRIVEGALLERIAATTYSONSIISUITE1798MMCLEANVIRGINIA22102
Liljenquist & Beckstead,7101 Democracy BoulevardMontgomery Mall Suite 2412,Bethesda,Maryland,20817,LILJENQUIST&BECKSTEAD7101DEMOCRACYBOULEVARDMONTGOMERYMALLSUITE2412BETHESDAMARYLAND20817
London Jewelers,2 Main Street,East Hampton,New York,11937,LONDONJEWELERS2MAINSTREETEASTHAMPTONNEWYORK11937
London Jewelers,2046 Northern BoulevardAmericana Manhasset,Manhasset,New York,11030,LONDONJEWELERS2046NORTHERNBOULEVARDAMERICANAMANHASSETMANHASSETNEWYORK11030
London Jewelers,47 Main Street,Southampton,New York,11968,LONDONJEWELERS47MAINSTREETSOUTHAMPTONNEWYORK11968
Long's Jewelers,35 Cross Street,Peabody,Massachusetts,01960,LONG'SJEWELERS35CROSSSTREETPEABODYMASSACHUSETTS01960
Long's Jewelers,60A South Avenue,Burlington,Massachusetts,01803,LONG'SJEWELERS60ASOUTHAVENUEBURLINGTONMASSACHUSETTS01803
Long's Jewelers,323 Daniel Webster Highway,Nashua,New Hampshire,03060,LONG'SJEWELERS323DANIELWEBSTERHIGHWAYNASHUANEWHAMPSHIRE03060
Long's Jewelers,250 Granite StreetSouth Shore Plaza,Braintree,Massachusetts,02184,LONG'SJEWELERS250GRANITESTREETSOUTHSHOREPLAZABRAINTREEMASSACHUSETTS02184
Lorilil Jewelers,1500 Main StreetTower Square,Springfield,Massachusetts,01115,LORILILJEWELERS1500MAINSTREETTOWERSQUARESPRINGFIELDMASSACHUSETTS01115
Loring & Company,800 Airport Road,Huntsville,Alabama,35802,LORING&COMPANY800AIRPORTROADHUNTSVILLEALABAMA35802
Louis Anthony Jewelers,"1775 North Highland RoadNorman Centre II,",Pittsburgh,Pennsylvania,15241,LOUISANTHONYJEWELERS1775NORTHHIGHLANDROADNORMANCENTREIIPITTSBURGHPENNSYLVANIA15241
Lucido Fine Jewelry of Rochester,312 South Main Street,Rochester,Michigan,48307,LUCIDOFINEJEWELRYOFROCHESTER312SOUTHMAINSTREETROCHESTERMICHIGAN48307
Lucido Fine Jewelry,42825 Schoenherr Road,Sterling Heights,Michigan,48313,LUCIDOFINEJEWELRY42825SCHOENHERRROADSTERLINGHEIGHTSMICHIGAN48313
Lucido Fine Jewelry,250 North Old Woodward Avenue,Birmingham,Michigan,48009,LUCIDOFINEJEWELRY250NORTHOLDWOODWARDAVENUEBIRMINGHAMMICHIGAN48009
Lux Bond & Green,140 Glastonbury BoulevardSommerset Square,Glastonbury,Connecticut,06033,LUXBOND&GREEN140GLASTONBURYBOULEVARDSOMMERSETSQUAREGLASTONBURYCONNECTICUT06033
Lux Bond & Green,1 One Mohegan Sun Boulevard,Uncasville,Connecticut,06382,LUXBOND&GREEN1ONEMOHEGANSUNBOULEVARDUNCASVILLECONNECTICUT06382
Lux Bond & Green,46 LaSalle Road,West Hartford,Connecticut,06107,LUXBOND&GREEN46LASALLEROADWESTHARTFORDCONNECTICUT06107
Lux Bond & Green,136 Main Street,Westport,Connecticut,06880,LUXBOND&GREEN136MAINSTREETWESTPORTCONNECTICUT06880
M.P. Demetre Jewelers,253 King Street,Charleston,South Carolina,29401,M.P.DEMETREJEWELERS253KINGSTREETCHARLESTONSOUTHCAROLINA29401
Manfredi,72 Elm Street,New Canaan,Connecticut,06840,MANFREDI72ELMSTREETNEWCANAANCONNECTICUT06840
Martin Binder Jeweler,650 West Morthland Drive,Valparaiso,Indiana,46385,MARTINBINDERJEWELER650WESTMORTHLANDDRIVEVALPARAISOINDIANA46385
Maxon Fine Jewelry,2850 East BattlefieldSuite 100,Springfield,Missouri,65804,MAXONFINEJEWELRY2850EASTBATTLEFIELDSUITE100SPRINGFIELDMISSOURI65804
Mayors Jewelers,"2472 East Sunrise BoulevardThe Galleria, Suite 2160",Ft. Lauderdale,Florida,33304,MAYORSJEWELERS2472EASTSUNRISEBOULEVARDTHEGALLERIASUITE2160FT.LAUDERDALEFLORIDA33304
Mayors Jewelers,"7535 North Kendall DriveDadeland Mall, Suite 1860",Miami,Florida,33156,MAYORSJEWELERS7535NORTHKENDALLDRIVEDADELANDMALLSUITE1860MIAMIFLORIDA33156
Mayors Jewelers,"1455 NW 107th AvenueMiami International Mall, #264",Miami,Florida,33172,MAYORSJEWELERS1455NW107THAVENUEMIAMIINTERNATIONALMALL#264MIAMIFLORIDA33172
Mayors Jewelers,"8001 South Orange Blossom TrailFlorida Mall, Suite #484",Orlando,Florida,32809,MAYORSJEWELERS8001SOUTHORANGEBLOSSOMTRAILFLORIDAMALLSUITE#484ORLANDOFLORIDA32809
Mayors Jewelers,140 University Town Center DriveThe Mall at University Town Center,Sarasota,Florida,34243,MAYORSJEWELERS140UNIVERSITYTOWNCENTERDRIVETHEMALLATUNIVERSITYTOWNCENTERSARASOTAFLORIDA34243
Mayors Jewelers,"2223 North Westshore BlvdInternational Plaza, Suite #165",Tampa,Florida,33607,MAYORSJEWELERS2223NORTHWESTSHOREBLVDINTERNATIONALPLAZASUITE#165TAMPAFLORIDA33607
Mayors Jewelers,5155 Avalon Boulevard,Alpharetta,Georgia,30009,MAYORSJEWELERS5155AVALONBOULEVARDALPHARETTAGEORGIA30009
Mayors Jewelers,"3393 Peachtree Road NELenox Square, Suite #3038B",Atlanta,Georgia,30326,MAYORSJEWELERS3393PEACHTREEROADNELENOXSQUARESUITE#3038BATLANTAGEORGIA30326
Mayors Jewelers,"19575 Biscayne BlvdAventura Mall, Suite 177",Aventura,Florida,33180,MAYORSJEWELERS19575BISCAYNEBLVDAVENTURAMALLSUITE177AVENTURAFLORIDA33180
Mayors Jewelers,"6000 Glades RoadTown Center at Boca Raton, Suite 1119",Boca Raton,Florida,33431,MAYORSJEWELERS6000GLADESROADTOWNCENTERATBOCARATONSUITE1119BOCARATONFLORIDA33431
Mayors Jewelers,"342 San Lorenzo Ave.Village of Merrick Park, Suite 1005",Coral Gables,Florida,33146,MAYORSJEWELERS342SANLORENZOAVE.VILLAGEOFMERRICKPARKSUITE1005CORALGABLESFLORIDA33146
McCaskill & Company Fine Jewelry,13390 Highway 98 West,Destin,Florida,32550,MCCASKILL&COMPANYFINEJEWELRY13390HIGHWAY98WESTDESTINFLORIDA32550
Medawar Fine Jewelry,3093 South Linden Road,Flint,Michigan,48507,MEDAWARFINEJEWELRY3093SOUTHLINDENROADFLINTMICHIGAN48507
Meierotto Jewelers,1900 Diamond Parkway,North Kansas City,Missouri,64116,MEIEROTTOJEWELERS1900DIAMONDPARKWAYNORTHKANSASCITYMISSOURI64116
Meridian Jewelers,525 East Cooper Avenue,Aspen,Colorado,81611,MERIDIANJEWELERS525EASTCOOPERAVENUEASPENCOLORADO81611
Merkley Kendrick Jewelers,138 Chenoweth Lane,Louisville,Kentucky,40207,MERKLEYKENDRICKJEWELERS138CHENOWETHLANELOUISVILLEKENTUCKY40207
Morgan's Jewelers,22200 Hawthorne Boulevard,Torrance,California,90505,MORGAN'SJEWELERS22200HAWTHORNEBOULEVARDTORRANCECALIFORNIA90505
Mountz Jewelers,3780 Trindle RoadChelsea Square,Camp Hill,Pennsylvania,17011,MOUNTZJEWELERS3780TRINDLEROADCHELSEASQUARECAMPHILLPENNSYLVANIA17011
Murphy Jewelers,16 Jetson Drive,Hamburg,Pennsylvania,19526,MURPHYJEWELERS16JETSONDRIVEHAMBURGPENNSYLVANIA19526
Murphy Jewelers,948 Lehigh Valley Lifestyle CenterLehigh Valley Mall,Whitehall,Pennsylvania,18052,MURPHYJEWELERS948LEHIGHVALLEYLIFESTYLECENTERLEHIGHVALLEYMALLWHITEHALLPENNSYLVANIA18052
N. Fox Jewelers,404 Broadway,Saratoga Springs,New York,12866,N.FOXJEWELERS404BROADWAYSARATOGASPRINGSNEWYORK12866
O.C. Tanner,416 Main Street,Park City,Utah,84060,O.C.TANNER416MAINSTREETPARKCITYUTAH84060
O.C. Tanner,15 South State Street,Salt Lake City,Utah,84111,O.C.TANNER15SOUTHSTATESTREETSALTLAKECITYUTAH84111
Orr's Jewelers,532 Beaver Street,Sewickley,Pennsylvania,15143,ORR'SJEWELERS532BEAVERSTREETSEWICKLEYPENNSYLVANIA15143
Orr's Jewelers,5857 Forbes Avenue,Pittsburgh,Pennsylvania,15217,ORR'SJEWELERS5857FORBESAVENUEPITTSBURGHPENNSYLVANIA15217
Packouz Jewelers,522 S W Broadway,Portland,Oregon,97205,PACKOUZJEWELERS522SWBROADWAYPORTLANDOREGON97205
Paul Medawar Fine Jewelry,4518 Plainfield NE,Grand Rapids,Michigan,49525,PAULMEDAWARFINEJEWELRY4518PLAINFIELDNEGRANDRAPIDSMICHIGAN49525
Pav & Broome Jewelers,1912 25th Avenue,Gulfport,Mississippi,39501,PAV&BROOMEJEWELERS191225THAVENUEGULFPORTMISSISSIPPI39501
Perrywinkle's Fine Jewelry,227 Main Street,Burlington,Vermont,05401,PERRYWINKLE'SFINEJEWELRY227MAINSTREETBURLINGTONVERMONT05401
Persin & Robbin Jewelers,24 South Dunton Avenue,Arlington Heights,Illinois,60005,PERSIN&ROBBINJEWELERS24SOUTHDUNTONAVENUEARLINGTONHEIGHTSILLINOIS60005
Pieter Andries,2525 East Southlake Boulevard,Southlake,Texas,76092,PIETERANDRIES2525EASTSOUTHLAKEBOULEVARDSOUTHLAKETEXAS76092
Polacheck's Jewelers,4719 Commons Way,Calabasas,California,91302,POLACHECK'SJEWELERS4719COMMONSWAYCALABASASCALIFORNIA91302
Providence Diamond Company,105 Hillside RoadGarden City Center,Cranston,Rhode Island,02920,PROVIDENCEDIAMONDCOMPANY105HILLSIDEROADGARDENCITYCENTERCRANSTONRHODEISLAND02920
R.F. Moeller Jeweler,5020 France Avenue,Edina,Minnesota,55410,R.F.MOELLERJEWELER5020FRANCEAVENUEEDINAMINNESOTA55410
R.F. Moeller Jeweler,2065 Ford Parkway,Saint Paul,Minnesota,55116,R.F.MOELLERJEWELER2065FORDPARKWAYSAINTPAULMINNESOTA55116
Radcliffe Jewelers,1848 Reisterstown Road,Baltimore,Maryland,21208,RADCLIFFEJEWELERS1848REISTERSTOWNROADBALTIMOREMARYLAND21208
Radcliffe Jewelers,115 Christiana Mall,Newark,Delaware,19702,RADCLIFFEJEWELERS115CHRISTIANAMALLNEWARKDELAWARE19702
Radcliffe Jewelers,"800 Kenilworth DriveThe Shops at Kenilworth, Suite 872",Towson,Maryland,21204,RADCLIFFEJEWELERS800KENILWORTHDRIVETHESHOPSATKENILWORTHSUITE872TOWSONMARYLAND21204
Razny Jewelers,1700 Green Bay Road,Highland Park,Illinois,60035,RAZNYJEWELERS1700GREENBAYROADHIGHLANDPARKILLINOIS60035
Razny Jewelers,109 East Oak Street,Chicago,Illinois,60611,RAZNYJEWELERS109EASTOAKSTREETCHICAGOILLINOIS60611
Razny Jewelers,1501 West Lake Street,Addison,Illinois,60101,RAZNYJEWELERS1501WESTLAKESTREETADDISONILLINOIS60101
Reeds Jewelers of Niagara Falls,4001 Maple Road,Amherst,New York,14226,REEDSJEWELERSOFNIAGARAFALLS4001MAPLEROADAMHERSTNEWYORK14226
Reeds Jewelers,926 Inspiration DriveMayfaire Town Center,Wilmington,North Carolina,28405,REEDSJEWELERS926INSPIRATIONDRIVEMAYFAIRETOWNCENTERWILMINGTONNORTHCAROLINA28405
Reeds Jewelers,"5488 South S Padre DrLa Palmera Mall, Suite 1438,",Corpus Christi,Texas,78411,REEDSJEWELERS5488SOUTHSPADREDRLAPALMERAMALLSUITE1438CORPUSCHRISTITEXAS78411
Reis-Nichols Jewelers,789 U.S. 31 North,Greenwood,Indiana,46142,REIS-NICHOLSJEWELERS789U.S.31NORTHGREENWOODINDIANA46142
Reis-Nichols Jewelers,3535 East 86th Street,Indianapolis,Indiana,46240,REIS-NICHOLSJEWELERS3535EAST86THSTREETINDIANAPOLISINDIANA46240
Richter & Phillips Jewelers,601 Main Street,Cincinnati,Ohio,45202,RICHTER&PHILLIPSJEWELERS601MAINSTREETCINCINNATIOHIO45202
Rolex Boutique Bachendorf's,85A Highland Park Village,Dallas,Texas,75205,ROLEXBOUTIQUEBACHENDORF'S85AHIGHLANDPARKVILLAGEDALLASTEXAS75205
Rolex Boutique Ben Bridge,1450 Ala Moana BoulevardAla Moana Shopping Center Suite 2212B,Honolulu,Hawaii,96814,ROLEXBOUTIQUEBENBRIDGE1450ALAMOANABOULEVARDALAMOANASHOPPINGCENTERSUITE2212BHONOLULUHAWAII96814
Rolex Boutique Deutsch & Deutsch,"5015 Westheimer RoadThe Galleria, Suite A2371",Houston,Texas,77056,ROLEXBOUTIQUEDEUTSCH&DEUTSCH5015WESTHEIMERROADTHEGALLERIASUITEA2371HOUSTONTEXAS77056
Rolex Boutique Fourtan,"7007 Friars RoadFashion Valley Mall, Suite 390A",San Diego,California,92108,ROLEXBOUTIQUEFOURTAN7007FRIARSROADFASHIONVALLEYMALLSUITE390ASANDIEGOCALIFORNIA92108
Rolex Boutique Gearys,"395 Santa Monica PlaceSanta Monica Place, Space 159",Santa Monica,California,90401,ROLEXBOUTIQUEGEARYS395SANTAMONICAPLACESANTAMONICAPLACESPACE159SANTAMONICACALIFORNIA90401
Rolex Boutique Gearys,360 North Rodeo Drive,Beverly Hills,California,90210,ROLEXBOUTIQUEGEARYS360NORTHRODEODRIVEBEVERLYHILLSCALIFORNIA90210
Rolex Boutique Gearys,"10250 Santa Monica BoulevardWestfield Century City, Suite # 1375",Los Angeles,California,90067,ROLEXBOUTIQUEGEARYS10250SANTAMONICABOULEVARDWESTFIELDCENTURYCITYSUITE#1375LOSANGELESCALIFORNIA90067
Rolex Boutique J. Licht & Sons,"2855 Stevens Creek BoulevardValley Fair, Suite 1039",Santa Clara,California,95050,ROLEXBOUTIQUEJ.LICHT&SONS2855STEVENSCREEKBOULEVARDVALLEYFAIRSUITE1039SANTACLARACALIFORNIA95050
Rolex Boutique LV Luxury,"3720 Las Vegas Boulevard SouthThe Shops at Crystals, Suite 122",Las Vegas,Nevada,89158,ROLEXBOUTIQUELVLUXURY3720LASVEGASBOULEVARDSOUTHTHESHOPSATCRYSTALSSUITE122LASVEGASNEVADA89158
Rolex Boutique London,"1200 Morris TurnpikeThe Mall at Short Hills, Suite #205",Short Hills,New Jersey,07078,ROLEXBOUTIQUELONDON1200MORRISTURNPIKETHEMALLATSHORTHILLSSUITE#205SHORTHILLSNEWJERSEY07078
Rolex Boutique Long's,8 Newbury Street,Boston,Massachusetts,02116,ROLEXBOUTIQUELONG'S8NEWBURYSTREETBOSTONMASSACHUSETTS02116
Rolex Boutique Luxury Swiss,135 N.E. 39th Street,Miami,Florida,33137,ROLEXBOUTIQUELUXURYSWISS135N.E.39THSTREETMIAMIFLORIDA33137
Rolex Boutique Mayors,"4200 Conroy RoadThe Mall at Millenia, Suite J-272",Orlando,Florida,32839,ROLEXBOUTIQUEMAYORS4200CONROYROADTHEMALLATMILLENIASUITEJ-272ORLANDOFLORIDA32839
Rolex Boutique Tourneau Forum Shops,"3500 Las Vegas Boulevard SouthForum Shops, Suite B07B",Las Vegas,Nevada,89109,ROLEXBOUTIQUETOURNEAUFORUMSHOPS3500LASVEGASBOULEVARDSOUTHFORUMSHOPSSUITEB07BLASVEGASNEVADA89109
Rolex Boutique Tourneau,29-35 9th Ave,New York,New York,10014,ROLEXBOUTIQUETOURNEAU29-359THAVENEWYORKNEWYORK10014
Rolex Boutique Tourneau,701 North Michigan AvenueWarwick Allerton,Chicago,Illinois,60611,ROLEXBOUTIQUETOURNEAU701NORTHMICHIGANAVENUEWARWICKALLERTONCHICAGOILLINOIS60611
Rolex Boutique Tourneau,"2330 Kalakaua AvenueInternational Market Place, Suite #101",Honolulu,Hawaii,96815,ROLEXBOUTIQUETOURNEAU2330KALAKAUAAVENUEINTERNATIONALMARKETPLACESUITE#101HONOLULUHAWAII96815
Rolex Boutique Tourneau,"845 Market StreetWestfield San Francisco Centre, Suite 129",San Francisco,California,94103,ROLEXBOUTIQUETOURNEAU845MARKETSTREETWESTFIELDSANFRANCISCOCENTRESUITE129SANFRANCISCOCALIFORNIA94103
Rolex Boutique Tourneau,"9700 Collins AvenueShops at Bal Harbour, Suite 227",Bal Harbour,Florida,33154,ROLEXBOUTIQUETOURNEAU9700COLLINSAVENUESHOPSATBALHARBOURSUITE227BALHARBOURFLORIDA33154
Rolex Boutique Tourneau,"3333 Bristol StreetSouth Coast Plaza, Suite # 2001",Costa Mesa,California,92626,ROLEXBOUTIQUETOURNEAU3333BRISTOLSTREETSOUTHCOASTPLAZASUITE#2001COSTAMESACALIFORNIA92626
Rolex Boutique Watches of Switzerland,3131 Las Vegas Boulevard SouthWynn Las Vegas,Las Vegas,Nevada,89109,ROLEXBOUTIQUEWATCHESOFSWITZERLAND3131LASVEGASBOULEVARDSOUTHWYNNLASVEGASLASVEGASNEVADA89109
Roman Jewelers,500 Commons Way,Bridgewater,New Jersey,08807,ROMANJEWELERS500COMMONSWAYBRIDGEWATERNEWJERSEY08807
Rottermond Jewelers,102 East Main Street,Brighton,Michigan,48116,ROTTERMONDJEWELERS102EASTMAINSTREETBRIGHTONMICHIGAN48116
Rummele's Jewelers,234 South Adams Street,Green Bay,Wisconsin,54301,RUMMELE'SJEWELERS234SOUTHADAMSSTREETGREENBAYWISCONSIN54301
Schiffman's Jewelers,811 Friendly Center Road,Greensboro,North Carolina,27408,SCHIFFMAN'SJEWELERS811FRIENDLYCENTERROADGREENSBORONORTHCAROLINA27408
Schiffman's Jewelers,137 South Stratford Road,Winston Salem,North Carolina,27104,SCHIFFMAN'SJEWELERS137SOUTHSTRATFORDROADWINSTONSALEMNORTHCAROLINA27104
Schwanke-Kasten Jewelers,417 East Silver Spring Drive,Milwaukee,Wisconsin,53217,SCHWANKE-KASTENJEWELERS417EASTSILVERSPRINGDRIVEMILWAUKEEWISCONSIN53217
Sheiban Jewelers,16938 Pearl Road,Cleveland,Ohio,44136,SHEIBANJEWELERS16938PEARLROADCLEVELANDOHIO44136
Shreve & Co.,"329 El Camino Real & Quarry RoadStanford Shopping Center, Suite 129-B",Palo Alto,California,94304,SHREVE&CO.329ELCAMINOREAL&QUARRYROADSTANFORDSHOPPINGCENTERSUITE129-BPALOALTOCALIFORNIA94304
Shreve & Co.,150 Post Street,San Francisco,California,94108,SHREVE&CO.150POSTSTREETSANFRANCISCOCALIFORNIA94108
Simons Jewelers,8141 Maryland Avenue,Clayton,Missouri,63105,SIMONSJEWELERS8141MARYLANDAVENUECLAYTONMISSOURI63105
Sissy's Log Cabin,2900 Parkwood Road,Jonesboro,Arkansas,72401,SISSY'SLOGCABIN2900PARKWOODROADJONESBOROARKANSAS72401
Sissy's Log Cabin,404 South Grove Park Road,Memphis,Tennessee,38117,SISSY'SLOGCABIN404SOUTHGROVEPARKROADMEMPHISTENNESSEE38117
Sissy's Log Cabin,1825 North Grant Street,Little Rock,Arkansas,72207,SISSY'SLOGCABIN1825NORTHGRANTSTREETLITTLEROCKARKANSAS72207
Skeies Jewelers,10 Oakway Center,Eugene,Oregon,97401,SKEIESJEWELERS10OAKWAYCENTEREUGENEOREGON97401
Springer's Jewelers,580 Congress Street,Portland,Maine,04101,SPRINGER'SJEWELERS580CONGRESSSTREETPORTLANDMAINE04101
Springer's Jewelers,100 Market StreetSuite 101,Portsmouth,New Hampshire,03801,SPRINGER'SJEWELERS100MARKETSTREETSUITE101PORTSMOUTHNEWHAMPSHIRE03801
Swiss Watch Gallery,1014 A Brea Mall,Brea,California,92821,SWISSWATCHGALLERY1014ABREAMALLBREACALIFORNIA92821
Sylvans Jewelers,1500 Main Street,Columbia,South Carolina,29201,SYLVANSJEWELERS1500MAINSTREETCOLUMBIASOUTHCAROLINA29201
Tapper's Jewelry,6337 Orchard Lake Road,West Bloomfield,Michigan,48322,TAPPER'SJEWELRY6337ORCHARDLAKEROADWESTBLOOMFIELDMICHIGAN48322
Tapper's Jewelry,20800 Haggerty Road,Novi,Michigan,48375,TAPPER'SJEWELRY20800HAGGERTYROADNOVIMICHIGAN48375
Tapper's Jewelry,"2800 West Big Beaver RoadSomerset Collection, Suite 230",Troy,Michigan,48084,TAPPER'SJEWELRY2800WESTBIGBEAVERROADSOMERSETCOLLECTIONSUITE230TROYMICHIGAN48084
Tara Fine Jewelry,"1829 Buford Highway, Suite 2",Buford,Georgia,30518,TARAFINEJEWELRY1829BUFORDHIGHWAYSUITE2BUFORDGEORGIA30518
Tesorini,3600 Las Vegas Boulevard SouthBellagio Hotel & Casino,Las Vegas,Nevada,89109,TESORINI3600LASVEGASBOULEVARDSOUTHBELLAGIOHOTEL&CASINOLASVEGASNEVADA89109
Thom Duma Fine Jewelers,115 West Market Street,Warren,Ohio,44481,THOMDUMAFINEJEWELERS115WESTMARKETSTREETWARRENOHIO44481
Thomas Markle Jewelers,947 Gessner RoadSuite A150,Houston,Texas,77024,THOMASMARKLEJEWELERS947GESSNERROADSUITEA150HOUSTONTEXAS77024
Thomas Markle Jewelers,9595 Six Pines DriveSuite 950,The Woodlands,Texas,77380,THOMASMARKLEJEWELERS9595SIXPINESDRIVESUITE950THEWOODLANDSTEXAS77380
Tiny Jewel Box,1155 Connecticut Avenue NW,Washington District of,Columbia,20036,TINYJEWELBOX1155CONNECTICUTAVENUENWWASHINGTONDISTRICTOFCOLUMBIA20036
Tivol,220 Nichols Road,Kansas City,Missouri,64112,TIVOL220NICHOLSROADKANSASCITYMISSOURI64112
Tom Cook Jeweler,150 South Beach Street,Daytona Beach,Florida,32114,TOMCOOKJEWELER150SOUTHBEACHSTREETDAYTONABEACHFLORIDA32114
Tourneau - Bucherer,"630 Old Country RoadRoosevelt Field Mall, Suite 1100",Garden City,New York,11530,TOURNEAU-BUCHERER630OLDCOUNTRYROADROOSEVELTFIELDMALLSUITE1100GARDENCITYNEWYORK11530
Tourneau - Bucherer,"2435 Kaanapali Parkway, Suite H9",Lahaina,Hawaii,96761,TOURNEAU-BUCHERER2435KAANAPALIPARKWAYSUITEH9LAHAINAHAWAII96761
Tourneau - Bucherer,175 Worth Avenue,Palm Beach,Florida,33480,TOURNEAU-BUCHERER175WORTHAVENUEPALMBEACHFLORIDA33480
Tourneau - Bucherer,"3750 Wailea Alanui DriveThe Shops at Wailea, Suite #EW6",Wailea,Hawaii,96753,TOURNEAU-BUCHERER3750WAILEAALANUIDRIVETHESHOPSATWAILEASUITE#EW6WAILEAHAWAII96753
Tourneau - Bucherer,125 Westchester AvenueWestchester Mall Suite 1310,White Plains,New York,10601,TOURNEAU-BUCHERER125WESTCHESTERAVENUEWESTCHESTERMALLSUITE1310WHITEPLAINSNEWYORK10601
Tourneau - Bucherer,"100 Huntington AvenueCopley Place, Suite  C-007",Boston,Massachusetts,02116,TOURNEAU-BUCHERER100HUNTINGTONAVENUECOPLEYPLACESUITEC-007BOSTONMASSACHUSETTS02116
Tourneau - Bucherer,"1100 South Hayes St, Space J03, Fashion Centre @ Pentagon City",Arlington,Virginia,22202,TOURNEAU-BUCHERER1100SOUTHHAYESSTSPACEJ03FASHIONCENTRE@PENTAGONCITYARLINGTONVIRGINIA22202
Tourneau - Bucherer,5495 Tamiami Trail NorthWaterside Shops at Pelican Bay,Naples,Florida,34108,TOURNEAU-BUCHERER5495TAMIAMITRAILNORTHWATERSIDESHOPSATPELICANBAYNAPLESFLORIDA34108
Treiber & Straub,14740 West Capitol Drive,Brookfield,Wisconsin,53005,TREIBER&STRAUB14740WESTCAPITOLDRIVEBROOKFIELDWISCONSIN53005
Underwood Jewelers,2044 San Marco Boulevard,Jacksonville,Florida,32207,UNDERWOODJEWELERS2044SANMARCOBOULEVARDJACKSONVILLEFLORIDA32207
Underwood Jewelers,"330 A1A North, Suite 204",Ponte Vedra Beach,Florida,32082,UNDERWOODJEWELERS330A1ANORTHSUITE204PONTEVEDRABEACHFLORIDA32082
"Vanscoy, Maurer & Bash Diamond Jewelers",830 Plaza Boulevard,Lancaster,Pennsylvania,17601,VANSCOYMAURER&BASHDIAMONDJEWELERS830PLAZABOULEVARDLANCASTERPENNSYLVANIA17601
Walters & Hogsett Jewelers,2425 Canyon BoulevardSuite J,Boulder,Colorado,80302,WALTERS&HOGSETTJEWELERS2425CANYONBOULEVARDSUITEJBOULDERCOLORADO80302
Watches of Switzerland,"20 Hudson YardsHudson Yards - The Shops, Suite , RU #115A",New York,New York,10001,WATCHESOFSWITZERLAND20HUDSONYARDSHUDSONYARDS-THESHOPSSUITERU#115ANEWYORKNEWYORK10001
Watches of Switzerland,"136 West MarketMall of America, Suite W136",Bloomington,Minnesota,55425,WATCHESOFSWITZERLAND136WESTMARKETMALLOFAMERICASUITEW136BLOOMINGTONMINNESOTA55425
Watches of Switzerland,60 Greene Street,New York,New York,10012,WATCHESOFSWITZERLAND60GREENESTREETNEWYORKNEWYORK10012
Watches of Switzerland,1 American Dream WayAmerican Dream Suite E264,East Rutherford,New Jersey,07073,WATCHESOFSWITZERLAND1AMERICANDREAMWAYAMERICANDREAMSUITEE264EASTRUTHERFORDNEWJERSEY07073
Watches of Switzerland,7875 Montgomery RoadKenwood Towne Center,Cincinnati,Ohio,45236,WATCHESOFSWITZERLAND7875MONTGOMERYROADKENWOODTOWNECENTERCINCINNATIOHIO45236
Watches of Switzerland,"500 Route 73 SouthThe Promenade at Sagemore,  Store #D1",Marlton,New Jersey,08053,WATCHESOFSWITZERLAND500ROUTE73SOUTHTHEPROMENADEATSAGEMORESTORE#D1MARLTONNEWJERSEY08053
Wempe Jewelers,700 Fifth Avenue,New York,New York,10019,WEMPEJEWELERS700FIFTHAVENUENEWYORKNEWYORK10019
Weston Jewelers,1728 Main Street,Weston,Florida,33326,WESTONJEWELERS1728MAINSTREETWESTONFLORIDA33326
Wickersham Company,7784 North Blackstone,Fresno,California,93720,WICKERSHAMCOMPANY7784NORTHBLACKSTONEFRESNOCALIFORNIA93720
Wickersham Company,6521 Truxtun Avenue,Bakersfield,California,93309,WICKERSHAMCOMPANY6521TRUXTUNAVENUEBAKERSFIELDCALIFORNIA93309
William Barthman Jewelers,1118 Kings Highway,Brooklyn,New York,11229,WILLIAMBARTHMANJEWELERS1118KINGSHIGHWAYBROOKLYNNEWYORK11229
William Barthman Jewelers,20 Broad Street,New York,New York,10005,WILLIAMBARTHMANJEWELERS20BROADSTREETNEWYORKNEWYORK10005
Williams Jewelers of Englewood,5095 South Broadway,Englewood,Colorado,80113,WILLIAMSJEWELERSOFENGLEWOOD5095SOUTHBROADWAYENGLEWOODCOLORADO80113
Wilson & Son Jewelers,10 Spencer Place,Scarsdale,New York,10583,WILSON&SONJEWELERS10SPENCERPLACESCARSDALENEWYORK10583
Windsor Fine Jewelers,2635 Washington Road,Augusta,Georgia,30904,WINDSORFINEJEWELERS2635WASHINGTONROADAUGUSTAGEORGIA30904
Windsor Jewelers,6809D Phillips Place Court,Charlotte,North Carolina,28210,WINDSORJEWELERS6809DPHILLIPSPLACECOURTCHARLOTTENORTHCAROLINA28210
Wixon Jewelers,9955 Lyndale Avenue South,Bloomington,Minnesota,55420,WIXONJEWELERS9955LYNDALEAVENUESOUTHBLOOMINGTONMINNESOTA55420
deBoulle Diamond & Jewelry,"4444 Westheimer RoadRiver Oak District, Suite F105",Houston,Texas,77027,DEBOULLEDIAMOND&JEWELRY4444WESTHEIMERROADRIVEROAKDISTRICTSUITEF105HOUSTONTEXAS77027
